F1,AUC ROC,AUC Precision-Recall,Recall @ 10
0.6129625278173249,0.8231924542399655,0.6031853607342443,0.6478724449685535
0.6074899463806972,0.82406443946109,0.6038712482881018,0.6471108490566038
0.6105867984233608,0.824290183912153,0.6002968470122487,0.6433274371069182
0.6078263673709742,0.8239500605400245,0.6057338385938592,0.6476022012578616
0.608734279130459,0.8243346282154055,0.6019934905210983,0.6468897405660378
