F1,AUC ROC,AUC Precision-Recall,Recall @ 10
0.4496458269171543,0.8279196946658829,0.3408364841374211,0.43769654088050314
0.4473690228452515,0.8307922859570441,0.3444816281421027,0.4389740566037736
0.4430774165463835,0.8296932483498914,0.34354444841788606,0.43772110849056606
0.44838195077484044,0.8291750182274326,0.34427094283449544,0.4405709512578616
0.446313819040988,0.8285241681880574,0.34441618840990995,0.43894948899371067
