F1,AUC ROC,AUC Precision-Recall,Recall @ 10
0.5257849947308184,0.8556628468455315,0.43393075212577187,0.5208333333333334
0.5231622619020331,0.8565025920307181,0.4368686469069714,0.5216686320754716
0.5267225747960108,0.856861832753637,0.4366763952882318,0.5214966588050315
0.5236215112321306,0.8550774337083972,0.4339331495887656,0.5221845518867925
0.5245942628540256,0.8554899109510321,0.43567524225067217,0.5212509827044025
