F1,AUC ROC,AUC Precision-Recall,Recall @ 10
0.5905913470621575,0.8280684912629023,0.6534328933099228,0.6688311688311688
0.5880135695439125,0.8240913341551936,0.6461676375323,0.664069264069264
0.5966641394996209,0.8240632944622958,0.64844741946469,0.6662337662337663
0.5900832702498108,0.8237734401128072,0.6469794261319445,0.6653679653679654
0.5965045592705167,0.8275848013640302,0.6524598233366852,0.6662337662337663
