F1,AUC ROC,AUC Precision-Recall,Recall @ 10
0.30950086721911735,0.6858814118453049,0.2305851395196879,0.3051948051948052
0.3051177271842771,0.680622400118727,0.22768426603938596,0.2982683982683983
0.3088607594936708,0.6817568332981019,0.23074774061671766,0.3008658008658009
0.31990614000782164,0.6895922438343334,0.24995999398300725,0.3164502164502164
0.3145412130637636,0.6803163954049823,0.23598600701635186,0.30692640692640694
